好评分词,好评词频,中评分词,中评词频,差评分词,差评词频
中国,77.0,"
",38,"
",35.0
科幻,58.0,科幻,34,中国,24.0
科幻电影,30.0,中国,28,科幻,24.0
人类,23.0,特效,20,科幻片,21.0
"
",23.0,吴京,16,特效,16.0
国产,22.0,三星,15,观众,11.0
中,21.0,鼓励,14,这部,11.0
硬,20.0,太,14,台词,11.0
真的,20.0,故事,14,尴尬,10.0
希望,19.0,人物,14,真的,10.0
特效,19.0,煽情,13,人物,10.0
拍,18.0,设定,13,人类,9.0
科幻片,17.0,人类,13,煽情,9.0
故事,17.0,台词,12,做,9.0
宇宙,17.0,里,12,宇宙,8.0
好莱坞,16.0,国产,12,拍,8.0
设定,15.0,好莱坞,12,剧情,8.0
大片,14.0,硬,11,想,8.0
原著,12.0,这部,11,一部,8.0
影片,12.0,想,11,太,8.0
刘,12.0,细节,10,科幻电影,7.0
刘慈欣,11.0,太空,10,刘慈欣,7.0
值得,11.0,值得,10,画面,7.0
这部,10.0,人性,10,死,7.0
元年,10.0,中,9,中,7.0
国内,10.0,「,9,叙事,7.0
拯救,10.0,灾难片,9,一种,7.0
里,10.0,科幻片,9,灾难,7.0
意义,10.0,木星,9,演员,7.0
鼓励,9.0,战狼,9,级,7.0
导演,9.0,角色,9,情感,7.0
小说,9.0,穿越,9,吹,6.0
终于,9.0,星际,9,硬,6.0
一部,9.0,联合政府,9,只能,6.0
类型,9.0,片子,8,鼓励,6.0
做,9.0,片,8,吴京,6.0
人物,9.0,刘,8,故事,6.0
剧情,8.0,尴尬,8,郭帆,6.0
这是,8.0,情节,8,价值观,6.0
文化,8.0,宇宙,8,设定,6.0
高,8.0,剧情,8,感觉,6.0
情感,8.0,只能,8,里,6.0
太空,8.0,讲,7,特别,6.0
华语,8.0,类型,7,国产,6.0
太,8.0,剪辑,7,家庭,5.0
片子,8.0,表演,7,自我,5.0
预期,7.0,导演,7,导演,5.0
宏大,7.0,救援,7,大片,5.0
片,7.0,大片,7,宏大,5.0
感,7.0,希望,7,剪辑,5.0
不错,7.0,技术,6,一星,5.0
煽情,7.0,美国,6,看过,5.0
战狼,7.0,叙事,6,原著,5.0
精神,7.0,缺乏,6,华为,5.0
想,7.0,逻辑,6,拯救,5.0
北京,6.0,时,6,感,5.0
木星,6.0,感觉,6,想象力,5.0
第一部,6.0,情感,6,镜头,5.0
感觉,6.0,特色,6,科学,5.0
美国,6.0,一星,6,救援,5.0
新,6.0,观众,6,情节,5.0
整体,6.0,拯救,6,视角,4.0
观众,6.0,拍,6,感动,4.0
想象,6.0,水平,6,不行,4.0
末日,6.0,剧本,6,好莱坞,4.0
选择,6.0,演员,6,角色,4.0
地方,6.0,算是,6,编剧,4.0
叙事,6.0,层面,5,分,4.0
吴京,6.0,刘启,5,制作,4.0
团队,6.0,生硬,5,情怀,4.0
作品,6.0,戏,5,节奏,4.0
台词,6.0,实在,5,失望,4.0
那种,6.0,演技,5,成,4.0
郭帆,6.0,看不到,5,年,4.0
剧本,6.0,文化,5,视听,4.0
电影工业,6.0,宏大,5,逻辑,4.0
震撼,6.0,工业,5,基础,4.0
背景,6.0,喜欢,5,回家,4.0
星,6.0,表现,5,技术,4.0
致敬,6.0,原著,5,价值,4.0
灾难片,6.0,真,5,可惜,4.0
话,6.0,算,5,硬核,4.0
逼,6.0,像是,5,作品,4.0
五星,6.0,点,5,混乱,4.0
解决,6.0,一部,5,一会,4.0
⭐,6.0,黑,5,工业,4.0
"",6.0,科技,5,概念,4.0
我国,5.0,真的,5,一点,3.0
片尾,5.0,世界,5,思考,3.0
里程碑,5.0,一点,5,敬畏,3.0
世界,5.0,方式,4,关系,3.0
情绪,5.0,户口,4,第一部,3.0
特别,5.0,李,4,美国,3.0
确实,5.0,地方,4,评价,3.0
穿越,5.0,意义,4,主题,3.0
缺点,5.0,科幻电影,4,方案,3.0
场面,5.0,灾难,4,合格,3.0
绝望,5.0,配乐,4,讲,3.0
版,5.0,分,4,想象,3.0
牺牲,5.0,影片,4,片,3.0
2001,5.0,一种,4,真,3.0
喜欢,5.0,感,4,地方,3.0
技术,5.0,做,4,不让,3.0
剧作,5.0,价值观,4,打算,3.0
令人,5.0,人类文明,4,莫名其妙,3.0
票房,5.0,水准,4,水准,3.0
式,5.0,文明,4,想着,3.0
广播,4.0,莫名其妙,4,改成,3.0
上海,4.0,惊喜,4,结构,3.0
回家,4.0,美学,4,请,3.0
唯一,4.0,不错,4,全世界,3.0
太阳,4.0,节奏,4,永远,3.0
硬核,4.0,高潮,4,确实,3.0
前,4.0,地心引力,4,艺术,3.0
完成度,4.0,离开,4,情绪,3.0
基础,4.0,熟悉,4,眼睛,3.0
气质,4.0,空间站,4,场景,3.0
观影,4.0,撞,4,层面,3.0
过程,4.0,孩子,4,牺牲,3.0
一点,4.0,地下城,4,背景,3.0
时间,4.0,那种,4,理性,3.0
星际,4.0,春节,4,三星,3.0
顶级,4.0,理解,4,恶心,3.0
请,4.0,内核,4,客观,3.0
优点,4.0,元年,4,事情,3.0
感动,4.0,救援队,4,手机,3.0
内核,4.0,确实,4,致敬,3.0
自我,4.0,之外,4,全球,3.0
红海,4.0,肯定,4,评分,3.0
地下城,4.0,笑,4,影片,3.0
未来,4.0,電影,4,人文,3.0
家庭,4.0,糟糕,3,星,3.0
春节,4.0,原因,3,内核,3.0
写,4.0,猜,3,看得,3.0
实在,4.0,一句,3,反,3.0
本片,4.0,法语,3,绑架,3.0
骄傲,4.0,视角,3,实在,3.0
画面,4.0,家庭,3,接受,3.0
分,4.0,线,3,元年,3.0
好看,4.0,混乱,3,银幕,3.0
少年,4.0,批评,3,充满,3.0
漫游,4.0,2.5,3,带来,3.0
场,4.0,感受,3,剧,3.0
电影院,4.0,终于,3,「,3.0
面前,4.0,牺牲,3,那种,3.0
牛,4.0,遗憾,3,戏,3.0
发展,4.0,一场,3,亲人,3.0
三体,4.0,冒险,3,泪,3.0
计划,3.0,特别,3,两行,3.0
格局,3.0,依然,3,表演,3.0
熟悉,3.0,任性,3,地震,3.0
场景,3.0,高,3,差,3.0
情怀,3.0,搞,3,显得,3.0
想象力,3.0,本片,3,硬伤,3.0
启航,3.0,硬伤,3,主角,3.0
之间,3.0,里程碑,3,世界,3.0
冰雪,3.0,超越,3,儿戏,2.0
覆盖,3.0,起步,3,煽动,2.0
一幕,3.0,对不起,3,砸,2.0
点燃,3.0,奇迹,3,有人,2.0
接受,3.0,逼,3,票房,2.0
激动,3.0,精神,3,超越,2.0
完美,3.0,题材,3,商业,2.0
软,3.0,视效,3,片中,2.0
制作,3.0,制作,3,烂,2.0
工业,3.0,缺点,3,一分,2.0
语境,3.0,乱,3,时代,2.0
事情,3.0,英雄,3,发动机,2.0
全人类,3.0,显得,3,全人类,2.0
依然,3.0,关键,3,压根,2.0
带来,3.0,宣传,3,国内,2.0
用心,3.0,男主,3,锅,2.0
元素,3.0,救,3,后半段,2.0
回归,3.0,至少,3,强行,2.0
亲情,3.0,前,3,部,2.0
第一步,3.0,感动,3,看着,2.0
分钟,3.0,情绪,3,演技,2.0
定义,3.0,四星,3,达,2.0
全球,3.0,标准,3,三分,2.0
后天,3.0,两行,3,精彩,2.0
编剧,3.0,泪,3,人性,2.0
高潮,3.0,视觉,3,爆米花,2.0
视觉效果,3.0,未来,3,不好,2.0
演技,3.0,场面,3,计划,2.0
一种,3.0,发动机,3,派,2.0
真,3.0,政府,3,飞船,2.0
中国式,3.0,失败,3,吐,2.0
80,3.0,几个,3,社会,2.0
能力,3.0,想象,3,停留,2.0
市场,3.0,一股,3,孩子,2.0
拖,3.0,后半段,3,父子,2.0
价值观,3.0,男,3,赶紧,2.0
儿子,3.0,环境,3,文本,2.0
屈楚,3.0,框架,3,创造,2.0
萧,3.0,主角,3,形式,2.0
瑕疵,3.0,计划,3,称之为,2.0
朋克,3.0,扎实,3,剧作,2.0
吹,3.0,独立,3,绝望,2.0
荒凉,3.0,塑造,3,配乐,2.0
后半段,3.0,之间,3,滥用,2.0
探索,3.0,麻烦,3,濒临,2.0
正确,3.0,过程,3,死亡,2.0
改编,3.0,成,3,推动,2.0
爱,3.0,发展,3,指导,2.0
展现,3.0,反转,3,建设,2.0
主题,3.0,式,3,三观,2.0
东西,3.0,加,3,论证,2.0
观感,3.0,转折,3,东西,2.0
塑造,3.0,朵朵,3,观影,2.0
水准,3.0,发现,3,好不好,2.0
情节,3.0,软,3,全球化,2.0
一句,3.0,一套,3,非,2.0
节奏,3.0,概念,3,表面,2.0
开启,3.0,几次,3,唯一,2.0
营造,3.0,初中生,3,宇宙观,2.0
视觉,3.0,行,3,参与,2.0
瑕不掩瑜,3.0,期待,3,角度,2.0
年,3.0,恶心,3,犬儒,2.0
看过,3.0,画面,3,核心,2.0
钱,3.0,时代,3,主人公,2.0
商业,3.0,两回事,2,不靠,2.0
国际,3.0,此类,2,改变,2.0
视听,3.0,用心,2,全靠,2.0
科幻世界,3.0,好奇,2,想到,2.0
尬,3.0,对不上,2,营造,2.0
创作,3.0,口型,2,说到底,2.0
至少,3.0,交代,2,手段,2.0
没什么,3.0,幽默,2,文明,2.0
好头,3.0,笑点,2,自然,2.0
客观,3.0,俄,2,文化,2.0
史诗,3.0,2001,2,活着,2.0
机会,3.0,漫游,2,好看,2.0
评价,3.0,杂糅,2,点,2.0
国产电影,3.0,后天,2,爱国,2.0
时,3.0,宏观,2,不知,2.0
勇气,3.0,地面,2,廉价,2.0
娱乐,3.0,矛盾,2,忍不住,2.0
made,3.0,吴孟达,2,人设,2.0
保住,3.0,坠落,2,套路,2.0
道路,2.0,尬,2,全片,2.0
第一条,2.0,想象力,2,最佳,2.0
这句,2.0,赞美,2,Moss,2.0
土,2.0,年,2,毁灭,2.0
洗脑,2.0,所有人,2,过年,2.0
恢弘,2.0,结局,2,刘,2.0
线,2.0,绝望,2,天文,2.0
架构,2.0,看法,2,两个,2.0
国外,2.0,双线,2,垃圾,2.0
远,2.0,可怕,2,污染,2.0
裤衩,2.0,自以为是,2,办法,2.0
东方明珠,2.0,如果说,2,国际,2.0
套路,2.0,及格,2,几个,2.0
放弃,2.0,走出,2,创新,2.0
居住地,2.0,同伴,2,2019,2.0
方向,2.0,同意,2,充斥,2.0
悲伤,2.0,高科技,2,风格,2.0
毁灭,2.0,苍白,2,挖掘,2.0
逃难,2.0,剩下,2,银河系,2.0
创意,2.0,时刻,2,灾难片,2.0
惊艳,2.0,想起,2,人定胜天,2.0
地木,2.0,母题,2,走,2.0
更是,2.0,价值,2,民族,2.0
试问,2.0,家国,2,仿佛,2.0
片头,2.0,情怀,2,伦理,2.0
精彩,2.0,证明,2,水平,2.0
改动,2.0,看着,2,会员,2.0
意味着,2.0,没法,2,瞅,2.0
迷,2.0,接受,2,拍成,2.0
拍出,2.0,小屁孩,2,一半,2.0
想想,2.0,全球,2,不想,2.0
工业化,2.0,牛,2,笑,2.0
前所未有,2.0,爱国主义,2,作文,2.0
电影史,2.0,仿佛,2,库,2.0
自信,2.0,科学,2,布里克,2.0
找,2.0,度,2,"
",2.0
方式,2.0,强,2,爱,2.0
违和感,2.0,套路,2,摄影,2.0
燃爆,2.0,化,2,现象,2.0
动人,2.0,全,2,浪漫,2.0
赋予,2.0,演,2,★,2.0
美式,2.0,全程,2,新,2.0
真实,2.0,出戏,2,探索,2.0
星系,2.0,全片,2,解释,2.0
贝加尔湖,2.0,粗暴,2,标准,2.0
角色,2.0,场景,2,华语,2.0
孤独感,2.0,俄罗斯,2,典型,2.0
温暖,2.0,日本,2,空间,2.0
讨厌,2.0,韩国,2,动作,2.0
人性,2.0,期望,2,发生,2.0
打动,2.0,绑架,2,远景,2.0
一星,2.0,文戏,2,清晰,2.0
韩,2.0,意外,2,木星,2.0
朵朵,2.0,可惜,2,上海,2.0
主创,2.0,国产片,2,电梯,2.0
站,2.0,小说,2,开头,2.0
世界末日,2.0,改编,2,反复,2.0
影子,2.0,丝毫,2,广播,2.0
演绎,2.0,车,2,值得,2.0
惊人,2.0,国家,2,拍摄,2.0
说实话,2.0,造,2,配音,2.0
起点,2.0,表达,2,时,2.0
出彩,2.0,那句,2,音效,2.0
足够,2.0,传达,2,救,2.0
太尬,2.0,亲人,2,团聚,2.0
燃烧,2.0,想要,2,末日,2.0
关系,2.0,心,2,反正,2.0
投射,2.0,应有,2,内容,2.0
构想,2.0,更好,2,希望,2.0
扎实,2.0,胜,2,震撼,2.0
30,2.0,设想,2,塑造,2.0
燃,2.0,有待,2,展现,2.0
2019,2.0,想到,2,可言,2.0
学习,2.0,联合,2,迷,2.0
惊喜,2.0,权威,2,两星,2.0
加油,2.0,似,2,预期,2.0
有种,2.0,卡车,2,起码,2.0
够,2.0,工程,2,执行,2.0
服从,2.0,少年,2,一场,2.0
外国人,2.0,飞,2,不错,2.0
要说,2.0,火种,2,精神,2.0
只能,2.0,教室,2,2.5,2.0
级别,2.0,虚假,2,崩塌,2.0
父子,2.0,半天,2,近景,2.0
像是,2.0,大佬,2,中心,2.0
踏实,2.0,危机,2,冷静,2.0
关怀,2.0,散,2,加,2.0
高度,2.0,回家,2,意味着,2.0
飞跃,2.0,体量,2,土,1.0
赛博,2.0,巨物,2,仅靠,1.0
指向,2.0,老少,2,仅余,1.0
放,2.0,爷们,2,妄想,1.0
剪辑,2.0,样子,2,承认,1.0
忍不住,2.0,一把,2,无知,1.0
可惜,2.0,公允,2,跳出,1.0
刻意,2.0,前半段,2,看待,1.0
留给,2.0,味道,2,一头,1.0
未知,2.0,推进,2,扎入,1.0
政治,2.0,国际,2,狭隘,1.0
滚,2.0,爆米花,2,纠纷,1.0
当得起,2.0,消失,2,国情,1.0
化,2.0,呈现,2,怀中,1.0
罕见,2.0,一是,2,自作聪明,1.0
具备,2.0,小品,2,抡,1.0
时刻,2.0,春晚,2,圆,1.0
宿命,2.0,集权,2,膀子,1.0
悲壮,2.0,那段,2,脸上,1.0
档,2.0,嘴脸,2,金银珠宝,1.0
教育,2.0,高压,2,闪到,1.0
气势恢宏,2.0,自由,2,但全,1.0
完整,2.0,自然,2,美感,1.0
原创,2.0,死,2,只想,1.0
地心引力,2.0,父亲,2,宣传攻势,1.0
2012,2.0,天天,2,体量,1.0
经典,2.0,点太多,2,简单,1.0
降临,2.0,社会,2,换成,1.0
庞大,2.0,档,2,想想,1.0
体系,2.0,点燃,2,几星,1.0
出乎意料,2.0,资源,2,求求,1.0
本土,2.0,红海,2,生存,1.0
理论,2.0,迎接,2,请别,1.0
仰望,2.0,银翼,2,bb,1.0
or,2.0,杀手,2,琐事,1.0
星空,2.0,元素,2,梗,1.0
有趣,2.0,足够,2,瞎,1.0
年代,2.0,渲染,2,原作,1.0
找到,2.0,想法,2,Frost,1.0
伦理,2.0,男主角,2,punk,1.0
救援,2.0,认同,2,游戏,1.0
想到,2.0,忽略,2,通通,1.0
渺小,2.0,摆脱,2,烧,1.0
远方,2.0,开头,2,石头,1.0
放在,2.0,紧张感,2,热,1.0
显得,2.0,宽容,2,核聚变,1.0
加持,2.0,能力,2,高科技,1.0
前行,2.0,恐惧,2,搞不清楚,1.0
星球,2.0,写,2,工作,1.0
三星,2.0,东西,2,条件,1.0
概念,2.0,灵性,2,导致,1.0
第一次,2.0,格局,2,集体,1.0
银幕,2.0,光洁,2,熄火,1.0
灾难,2.0,动作,2,拉,1.0
大门,2.0,诚意,2,这是,1.0
泪点,2.0,回事,2,侮辱,1.0
祖国,2.0,作品,2,工程,1.0
世纪,2.0,电影工业,2,技术人员,1.0
超过,2.0,扁平,2,科学家,1.0
执行,2.0,靠着,2,智商,1.0
达标,2.0,够,2,否定,1.0
工整,2.0,末日,2,预演,1.0
演员,2.0,赛博,2,放屁,1.0
氛围,2.0,朋克,2,完美,1.0
角度,2.0,世界观,2,可靠性,1.0
构建,2.0,突破,2,可行性,1.0
镜头,2.0,细致,2,验证,1.0
值得一看,2.0,太差,2,此路不通,1.0
面对,2.0,旁白,2,补充,1.0
始终,2.0,闭嘴,2,缺乏,1.0
成,2.0,郭帆,2,场面,1.0
柏林,2.0,影子,2,早已,1.0
四星,2.0,没什么,2,审美疲劳,1.0
文本,2.0,熟,2,脑残,1.0
一件,2.0,吃,2,摇摇头,1.0
社会,2.0,挂,2,战狼京,1.0
超前,2.0,脸,2,违和感,1.0
经历,2.0,令人,2,想起,1.0
友情,2.0,这是,2,当年,1.0
通往,2.0,3.5,2,芮,1.0
类似,2.0,歌颂,2,成钢,1.0
尴尬,2.0,选择,2,名言,1.0
理性,2.0,骄傲,2,代表,1.0
语言,2.0,外壳,2,亚洲,1.0
题材,2.0,吹,2,意淫,1.0
不可避免,2.0,一步,2,大于,1.0
可贵,2.0,绕,2,批评,1.0
两个,2.0,合格,2,五分,1.0
不输,2.0,成功,2,这回,1.0
营救,2.0,奇怪,2,团队,1.0
超越,2.0,经典,2,前半段,1.0
神话,2.0,大跃进,2,撩,1.0
戏,2.0,历史,2,赶上,1.0
混乱,2.0,新意,2,笔仙,1.0
几处,2.0,思维,2,碟仙,1.0
最终,2.0,一半,2,亮眼,1.0
走,2.0,冲撞,2,cg,1.0
这片,2.0,强大,2,效果,1.0
过硬,2.0,天体,2,满意,1.0
奇观,2.0,运动,2,不如说是,1.0
影迷,2.0,质感,2,人伦,1.0
世界观,2.0,结束,2,催泪,1.0
两,2.0,刘慈欣,2,生硬,1.0
佳作,2.0,戲,2,这一,1.0
五颗星,2.0,模糊,2,催,1.0
「,2.0,價值觀,2,担当,1.0
IMAX,2.0,唯一,2,叔,1.0
疯狂,2.0,散伙,2,尽力,1.0
死,2.0,回来,2,😞,1.0
受,2.0,悖论,2,改编,1.0
浪漫,2.0,意识形态,2,面目全非,1.0
素质,2.0,位置,2,形,1.0
大学,2.0,努力,2,恢弘,1.0
山东,2.0,请,2,外,1.0
济宁,2.0,浩瀚,2,洞悉,1.0
Tim,2.0,作文,2,社会形态,1.0
哥们,2.0,感情,2,观察力,1.0
质感,2.0,跟不上,2,阉割,1.0
差,2.0,优点,2,降维,1.0
稳,2.0,念白,2,美式,1.0
恢宏,2.0,星,2,硬挤,1.0
总体,2.0,足见,2,地笑点,1.0
违,2.0,实力,2,缺,1.0
戴,2.0,道德,2,书中,1.0
反派,2.0,廉价,2,侧面,1.0
开,2.0,趴,2,描写,1.0
剩下,2.0,钱,2,最终,1.0
尝试,2.0,一座,2,倾向,1.0
勇敢,2.0,讨厌,2,一茬,1.0
东方式,2.0,打一星,2,提,1.0
视效,2.0,争议,2,困惑,1.0
相比,2.0,四个,1,拖,1.0
差距,2.0,字,1,跑,1.0
我要,2.0,儿戏,1,高效,1.0
我会,2.0,迄今为止,1,移居,1.0
一场,2.0,巅峰,1,不到,1.0
尺度,2.0,磅礴,1,不值,1.0
高贵,2.0,恢宏,1,可别,1.0
出发,2.0,营造,1,拍三体,1.0
影视,2.0,超过,1,微笑,1.0
科,2.0,40%,1,吴战,1.0
史,2.0,后配,1,狼,1.0
一张,2.0,成型,1,英雄主义,1.0
影院,2.0,改词,1,1.2058,1.0
刷,2.0,重配,1,中学,1.0
哭,2.0,影响,1,课堂,1.0
几十年,2.0,质量,1,1988,1.0
多点,2.0,讲述,1,机械设计,1.0
夸父追日,2.0,特征,1,维多利亚,1.0
标准,2.0,鲜明,1,蒸汽,1.0
普世,2.0,启字,1,齿轮,1.0
价值,2.0,拆解,1,阶段,1.0
美术,2.0,长条,1,自以为是,1.0
难度,2.0,留给,1,熊,1.0
支持,2.0,增加,1,进,1.0
一流,2.0,众多,1,监狱,1.0
爆哭,2.0,插科打诨,1,心疼,1.0
所有人,2.0,全球化,1,休眠,1.0
少,2.0,项目,1,精英,1.0
费,2.0,合作,1,宇航员,1.0
救赎,2.0,稍稍,1,一意孤行,1.0
国,2.0,两句,1,陪葬,1.0
影,2.0,日语,1,4.56,1.0
近乎,2.0,闪现,1,语言,1.0
亲友,2.0,国旗,1,奇迹,1.0
他妈的,2.0,缺席,1,理智,1.0
in,2.0,巨大进步,1,一件,1.0
china,2.0,一部分,1,奢侈,1.0
烂片,2.0,并存,1,事,1.0
传递,2.0,致敬,1,散,1.0
保,2.0,AI,1,冰释,1.0
舍,2.0,杀人,1,前嫌,1.0
个体,2.0,罗兰,1,高度,1.0
刘培强,2.0,艾默里,1,依赖,1.0
爆,2.0,这条线,1,全新,1.0
理智,2.0,镜头,1,小说,1.0
委,1.0,内驱力,1,零碎,1.0
提醒,1.0,看清,1,看得出,1.0
千万条,1.0,俩,1,智力,1.0
行车,1.0,兄妹,1,浅显,1.0
规范,1.0,球里,1,直白,1.0
亲人,1.0,事件,1,务求,1.0
两行,1.0,关联,1,智障,1.0
泪,1.0,欠,1,能看懂,1.0
语,1.0,打磨,1,讲故事,1.0
押点,1.0,对冲,1,耐心,1.0
韵,1.0,硬尬,1,近乎,1.0
哈哈哈,1.0,直逼,1,放弃,1.0
磅礴,1.0,李易峰,1,引导,1.0
晨昏,1.0,老炮,1,一味,1.0
过后,1.0,儿里,1,强迫,1.0
永夜,1.0,儿子,1,闭,1.0
火种,1.0,全靠,1,广播剧,1.0
推动,1.0,吼,1,睁,1.0
大小,1.0,一流,1,奇观,1.0
没想到,1.0,冲着,1,展示,1.0
了不得,1.0,恕我直言,1,令人发指,1.0
零下,1.0,跟上,1,三条,1.0
89,1.0,剧作,1,音轨,1.0
°,1.0,不及格,1,铺满,1.0
冰天,1.0,大圣,1,整部,1.0
冻地,1.0,归来,1,不在乎,1.0
末世,1.0,动漫,1,听力,1.0
猎奇,1.0,客观,1,健康,1.0
唏嘘,1.0,有人,1,低,1.0
文化背景,1.0,骂,1,重音,1.0
新生儿,1.0,模式,1,崩溃,1.0
多于,1.0,热血,1,着重强调,1.0
挑剔,1.0,人设,1,淡化,1.0
挖掘,1.0,有太多,1,逻辑关系,1.0
守,1.0,方向,1,关键,1.0
住家,1.0,尊重,1,信息,1.0
校服,1.0,规律,1,模糊化,1.0
丑,1.0,触到,1,惨而惨,1.0
一同,1.0,2500,1,目的性,1.0
荡气回肠,1.0,漫长,1,操控,1.0
无比,1.0,旅行,1,观,1.0
行星,1.0,悲观,1,作用,1.0
发动机,1.0,史诗,1,大得多,1.0
还原,1.0,狂轰滥炸,1,戏剧性,1.0
雅典卫城,1.0,太糙,1,堪称,1.0
神殿,1.0,太散,1,全,1.0
巨柱,1.0,自我陶醉,1,乱吼,1.0
描写,1.0,中国式,1,爆发,1.0
尾迹,1.0,寓言,1,立意,1.0
清晰可见,1.0,长辈,1,依旧,1.0
宛如,1.0,大爱,1,作呕,1.0
一艘,1.0,无言,1,那套,1.0
巨型,1.0,前仆后继,1,反智反,1.0
飞船,1.0,自我牺牲,1,快速,1.0
遨游,1.0,年轻,1,指南,1.0
气势磅礴,1.0,叛逆,1,类比,1.0
交会,1.0,总能,1,市占率,1.0
瞠目结舌,1.0,踏着,1,公论,1.0
表扬,1.0,祖辈,1,地说,1.0
比漫威,1.0,鲜血,1,不足以,1.0
漫画,1.0,苟活,1,五星,1.0
翻页,1.0,细思极,1,翻版,1.0
框架,1.0,恐,1,建立,1.0
扩充,1.0,影厅,1,合作,1.0
两章,1.0,身后,1,制造,1.0
叛乱,1.0,一位,1,某种,1.0
续集,1.0,女生,1,底层,1.0
新意,1.0,三句话,1,体现,1.0
上映,1.0,网上,1,底色,1.0
填补,1.0,打分,1,数不清,1.0
空白,1.0,是因为,1,通力合作,1.0
正式,1.0,不足之处,1,实际上,1.0
迎来,1.0,人文,1,俄国人,1.0
春天,1.0,关怀,1,搞起,1.0
原谅,1.0,统统,1,团,1.0
自然,1.0,缺失,1,团伙,1.0
站不住脚,1.0,芸芸众生,1,伙,1.0
早就,1.0,七情六欲,1,可取,1.0
拍过,1.0,色彩斑斓,1,具象化,1.0
第一座,1.0,未必,1,星辰,1.0
或者说,1.0,高明,1,大海,1.0
任何人,1.0,国产电影,1,期望,1.0
无可反驳,1.0,一切都是,1,胸怀,1.0
程度,1.0,难民,1,意愿,1.0
载入,1.0,图书馆,1,干涉,1.0
陌生,1.0,争辩,1,输出,1.0
拍摄,1.0,烧,1,顶呱呱,1.0
是因为,1.0,尼采,1,打哈哈,1.0
不到,1.0,书,1,鸡贼,1.0
独有,1.0,竭力,1,愤怒,1.0
这件,1.0,保护,1,调度,1.0
棒,1.0,西方,1,责任感,1.0
竖起,1.0,谷腾堡,1,设问,1.0
行业,1.0,圣经,1,终极,1.0
标杆,1.0,肃然起敬,1,体验,1.0
细腻,1.0,高度文明,1,契合,1.0
一份,1.0,危难,1,身上,1.0
安静,1.0,永恒,1,最有,1.0
萦绕,1.0,小情,1,扯蛋,1.0
不去,1.0,小爱,1,自我标榜,1.0
戳心,1.0,命运,1,很大,1.0
寻找,1.0,共同体,1,面对,1.0
开辟,1.0,真谛,1,困难,1.0
冰有,1.0,仙桃,1,挑战,1.0
天,1.0,剧角,1,外部,1.0
化为,1.0,挺无语,1,情势,1.0
水,1.0,解释,1,机遇,1.0
子孙,1.0,常识,1,遭遇,1.0
真是太,1.0,顶尖,1,绑住,1.0
乡愁,1.0,科学家,1,硬噎,1.0
念念不忘,1.0,超,1,馒头,1.0
挥之不去,1.0,智能,1,怎么回事,1.0
头顶,1.0,人工智能,1,无数个,1.0
寒冷,1.0,胜利,1,偶然,1.0
感叹,1.0,壮阔,1,所有人,1.0
精妙,1.0,斑斓,1,抉择,1.0
极尽,1.0,荒原,1,轻飘飘,1.0
谄媚,1.0,废土,1,人死,1.0
逢迎,1.0,展现,1,意外,1.0
接地,1.0,窥见,1,末世,1.0
气,1.0,春天,1,尸体,1.0
想要,1.0,微光,1,遍地,1.0
努力,1.0,模仿,1,人有,1.0
区别,1.0,痕迹,1,触动,1.0
海草,1.0,莫斯,1,关怀,1.0
舞,1.0,堪称,1,空有,1.0
穿,1.0,全知型,1,空话,1.0
秋裤,1.0,哈尔,1,何物,1.0
魔幻,1.0,显露,1,及格,1.0
展现出,1.0,无疑,1,电影吧,1.0
特有,1.0,不谈,1,人去,1.0
纽带,1.0,原理,1,豆瓣,1.0
几条,1.0,硬核,1,app,1.0
至关重要,1.0,反感,1,打分,1.0
吴孟达,1.0,号称,1,星改,1.0
饰演,1.0,塞,1,热爱,1.0
爷爷,1.0,煽,1,想要,1.0
姥爷,1.0,美式,1,捍卫,1.0
这条线,1.0,高大,1,献上,1.0
隐线,1.0,旗帜,1,庄重,1.0
父女情,1.0,无比,1,分数,1.0
夫妻情,1.0,废话,1,叛逆,1.0
第一,1.0,滤镜,1,本应,1.0
男主角,1.0,折射,1,全给,1.0
演到,1.0,满溢,1,彷佛,1.0
尾,1.0,愈发,1,吃,1.0
独角戏,1.0,神奇,1,大年初一,1.0
难度很大,1.0,不知,1,第一口,1.0
出演,1.0,跳跃,1,shi,1.0
情非得已,1.0,隐去,1,科技进步,1.0
多加,1.0,陨落,1,作得,1.0
刘启,1.0,东南亚,1,恨不得,1.0
俩,1.0,逃避,1,打爆,1.0
赶紧,1.0,父权,1,🐷,1.0
累,1.0,杠杆,1,头,1.0
125,1.0,子嗣,1,女,1.0
肩膀,1.0,撬动,1,添麻烦,1.0
壮举,1.0,前期,1,不懂事,1.0
风暴,1.0,强势,1,宗教,1.0
一系列,1.0,导致,1,计划经济,1.0
观看,1.0,过高,1,缩影,1.0
认定,1.0,男一女,1,矿工,1.0
样子,1.0,拖后腿,1,区,1.0
山寨,1.0,型,1,贾樟柯,1.0
全新,1.0,电影站,1,好多,1.0
面面俱到,1.0,立意,1,评,1.0
小到,1.0,只会,1,说坏话,1.0
大到,1.0,落差,1,8.4,1.0
存亡,1.0,妹妹,1,像是,1.0
信服,1.0,一人拉低,1,刷,1.0
贡献,1.0,咔嚓,1,要用,1.0
极强,1.0,震天响,1,爱过,1.0
穿透力,1.0,当球长,1,说实话,1.0
燃度,1.0,带领,1,日本,1.0
太高,1.0,大火,1,车,1.0
心疼,1.0,有部,1,满地跑,1.0
跃跃欲试,1.0,步履蹒跚,1,韩国,1.0
跟风者,1.0,身为,1,戏子,1.0
PS,1.0,十几年,1,满地,1.0
粉红,1.0,读者,1,蹦,1.0
赞,1.0,观影,1,跶,1.0
这条,1.0,读,1,拍出,1.0
盲目,1.0,遍,1,c,1.0
爱国,1.0,文字,1,质感,1.0
盟友,1.0,力量,1,不知所云,1.0
先说,1.0,依旧,1,所踪,1.0
算得,1.0,刘不像,1,不知所谓,1.0
之作,1.0,作家,1,生活,1.0
出色,1.0,中心,1,耗尽,1.0
红色,1.0,观,1,热情,1.0
防护服,1.0,站,1,假大空,1.0
大型,1.0,全人类,1,使人,1.0
载货,1.0,高度,1,感同身受,1.0
卡车,1.0,借用,1,猪,1.0
设计,1.0,面目全非,1,队友,1.0
击中,1.0,注入,1,生厌,1.0
审美,1.0,民族主义,1,刘启,1.0
周边,1.0,催化剂,1,韩,1.0
玩具,1.0,映后,1,朵朵,1.0
购买,1.0,灵魂,1,泰山,1.0
空,1.0,提问,1,崩于,1.0
掉线,1.0,月球,1,前而色,1.0
过头,1.0,背面,1,猝然,1.0
悲悯,1.0,全场,1,临之而,1.0
表现,1.0,高呼,1,惊,1.0
一出,1.0,激动,1,不配,1.0
回头,1.0,高涨,1,留在,1.0
壮烈,1.0,爱国,1,先,1.0
不抱,1.0,自豪感,1,敬,1.0
苦涩,1.0,惊愕,1,天上,1.0
成分,1.0,似曾相识,1,星星,1.0
原本,1.0,翻滚,1,八组,1.0
大于,1.0,对接,1,午夜,1.0
故土,1.0,耳熟,1,场,1.0
升华,1.0,五年,1,粗糙,1.0
一层,1.0,前三刷,1,幼稚,1.0
敬畏,1.0,IMAX,1,肤浅,1.0
电影剧本,1.0,那天,1,无聊,1.0
年龙标,1.0,忍不住,1,刻意,1.0
001,1.0,喊出,1,wtf,1.0
号,1.0,经典台词,1,口碑,1.0
迈出,1.0,Come,1,逆袭,1.0
一代,1.0,on,1,营销,1.0
起家,1.0,TARS,1,路线,1.0
强,1.0,五星,1,扮演者,1.0
硬气,1.0,火星,1,空间站,1.0
预算,1.0,中心主义,1,控制系统,1.0
有限,1.0,烦人,1,扮演着,1.0
纪律,1.0,往上拉,1,其他人,1.0
亮点,1.0,拉,1,moss,1.0
谈恋爱,1.0,一无是处,1,叛变,1.0
谈,1.0,看得,1,全剧,1.0
没球用,1.0,焦躁,1,最苏,1.0
不论是,1.0,充满,1,物理学,1.0
拍成电影,1.0,敬畏,1,专业,1.0
时该,1.0,最终,1,研究,1.0
不战,1.0,简单,1,广义,1.0
狼,1.0,再见面,1,相对论,1.0
战狼魂,1.0,循序渐进,1,属实,1.0
传给,1.0,同理,1,弟弟,1.0
养成,1.0,夹住,1,前,1.0
系,1.0,掰,1,目前为止,1.0
gay,1.0,卡住,1,放到,1.0
couple,1.0,踹,1,扪心自问,1.0
超乎,1.0,急眼,1,置景,1.0
预想,1.0,大喊,1,服装,1.0
非同寻常,1.0,不爽,1,造型,1.0
满满的,1.0,放火,1,近十年,1.0
人文主义,1.0,脾气,1,开场,1.0
截然不同,1.0,很差,1,设置,1.0
不值一提,1.0,推来推去,1,关键人物,1.0
建筑物,1.0,暂且不说,1,环,1.0
感官,1.0,脑洞,1,太平洋,1.0
明晰,1.0,套,1,遗憾,1.0
建议,1.0,好看,1,丝毫,1.0
低,1.0,票价,1,影评人,1.0
开天辟地,1.0,贵,1,开启,1.0
没话说,1.0,钱包,1,难,1.0
开头,1.0,难能可贵,1,苟同,1.0
十几分钟,1.0,人物形象,1,没想到,1.0
快节奏,1.0,对话,1,人多,1.0
交代,1.0,想像,1,力量,1.0
杭州,1.0,底色,1,负分,1.0
大城市,1.0,浪漫主义,1,滚,1.0
越来越,1.0,说实话,1,走出,1.0
主旋律,1.0,工矿,1,国门,1.0
阅片量,1.0,铁人,1,外边,1.0
多一点,1.0,英雄气概,1,终于,1.0
猜,1.0,源自,1,成片,1.0
结局,1.0,军人,1,不期而遇,1.0
变得,1.0,市井,1,喜悦,1.0
冗长,1.0,痞气,1,一股,1.0
乏味,1.0,活下去,1,清新,1.0
完毕,1.0,国界,1,之风,1.0
哲思,1.0,单一,1,美学,1.0
探讨,1.0,别国,1,类型,1.0
余味,1.0,春,1,群像,1.0
深挖,1.0,晚上,1,多重,1.0
人工智能,1.0,少数民族,1,矛盾,1.0
背叛,1.0,不合理,1,色彩,1.0
恐惧,1.0,燃料,1,本质,1.0
好奇心,1.0,竟是,1,阳光,1.0
并存,1.0,矿石,1,温暖,1.0
精力,1.0,远程,1,向上,1.0
众志成城,1.0,运输,1,很正,1.0
条,1.0,疑惑,1,能量,1.0
单一,1.0,构想,1,章回体,1.0
主线,1.0,匆忙,1,声部,1.0
梗概,1.0,上马,1,和弦,1.0
头衔,1.0,乌托邦,1,横向,1.0
影像,1.0,耗资,1,争执,1.0
说远超,1.0,概率,1,力,1.0
国产片,1.0,不低,1,一句,1.0
庄严,1.0,两个,1,到位,1.0
悲剧,1.0,中学生,1,明快,1.0
好几个,1.0,差点,1,浑然一体,1.0
感到,1.0,符合,1,色彩纷呈,1.0
无力感,1.0,物理学,1,考验,1.0
对抗,1.0,不合,1,功力,1.0
看好,1.0,经济学,1,时尚性,1.0
冠军,1.0,钱造,1,青春,1.0
悲情,1.0,万座,1,适合,1.0
城市,1.0,何不,1,主流,1.0
2058,1.0,飞船,1,意识,1.0
中学,1.0,移民,1,新作,1.0
碎片,1.0,地下,1,艺术片,1.0
集合,1.0,避难所,1,新气象,1.0
电影版,1.0,来到,1,明年,1.0
多部,1.0,冰冻,1,参加,1.0
动作片,1.0,男人,1,金鸡奖,1.0
内容,1.0,星球,1,第二届,1.0
表达,1.0,未知,1,加州,1.0
人文,1.0,工作,1,帝王,1.0
科技,1.0,膨胀,1,电影节,1.0
伟大成就,1.0,太阳系,1,影片奖,1.0
浩瀚,1.0,驶向,1,•,1.0
壮丽,1.0,茫茫,1,逐梦,1.0
神秘,1.0,搜集,1,强拆,1.0
以此,1.0,延续,1,种花,1.0
架空,1.0,饱和,1,家国,1.0
业余,1.0,传递,1,理念,1.0
科幻小说,1.0,火石,1,wen,1.0
写软,1.0,外,1,ge,1.0
十足,1.0,模拟,1,产物,1.0
文科生,1.0,显示屏,1,五千年,1.0
这方面,1.0,眼镜,1,孔孟,1.0
难,1.0,永昼,1,强盗,1.0
理解,1.0,望梅,1,厚,1.0
科学,1.0,米饭,1,黑,1.0
浓浓的,1.0,止渴,1,更新,1.0
催泪,1.0,兑现,1,一出,1.0
散场,1.0,诺言,1,从头到尾,1.0
好好,1.0,相见,1,吵,1.0
呼吸,1.0,出门,1,闹,1.0
空气,1.0,遛个,1,震得,1.0
蓝色,1.0,弯儿,1,耳膜,1.0
天空,1.0,穿戴,1,疼,1.0
感受,1.0,头盔,1,瞪,1.0
美好,1.0,裂,1,吼,1.0
以假乱真,1.0,冻死,1,咧嘴,1.0
货,1.0,雪天,1,皱眉,1.0
绝大多数,1.0,开车,1,三板斧,1.0
自觉,1.0,减速,1,装傻充愣,1.0
90,1.0,侧滑,1,白痴,1.0
共享,1.0,习以为常,1,化,1.0
平行,1.0,男主新,1,一步,1.0
翻,1.0,人脸,1,一坑,1.0
婆婆妈妈,1.0,亚裔,1,尴幽尬,1.0
必然选择,1.0,名叫,1,默,1.0
家,1.0,飙车,1,丢人现眼,1.0
对立,1.0,哥,1,凑,1.0
说出,1.0,高楼,1,出品,1.0
一百个,1.0,仰脖,1,方在,1.0
本土化,1.0,一脸,1,耍流氓,1.0
想当然,1.0,震惊,1,友邻,1.0
一根,1.0,系统,1,影院,1.0
筋式,1.0,语言,1,下线,1.0
结尾处,1.0,英文,1,好奇,1.0
中心,1.0,法文,1,视频,1.0
用爱,1.0,主推,1,网站,1.0
发电,1.0,多元,1,不看,1.0
廉价,1.0,不提,1,友情,1.0
一度,1.0,面对,1,避雷,1.0
Interstellar,1.0,大伙,1,硬打,1.0
结尾,1.0,老婆,1,硬是,1.0
安妮,1.0,呆,1,要死,1.0
孤寂,1.0,会儿,1,一家子,1.0
神情,1.0,good,1,命运,1.0
想起,1.0,luck,1,尊重,1.0
奇葩,1.0,距离,1,联合政府,1.0
说里,1.0,超大,1,人顶,1.0
美玲,1.0,过近,1,总,1.0
有后,1.0,吸走,1,户口,1.0
东,1.0,元气,1,当上,1.0
无后,1.0,忧虑,1,官,1.0
米,1.0,一队,1,做作,1.0
本质,1.0,不远万里,1,薄弱,1.0
外壳,1.0,敌营,1,在线,1.0
包裹,1.0,火把,1,无时无刻,1.0
共通,1.0,10,1,尬,1.0
议题,1.0,不缺,1,走心,1.0
更具,1.0,能源,1,激素,1.0
现实意义,1.0,火焰,1,泛滥,1.0
执着,1.0,柱子,1,中年,1.0
企盼,1.0,说点,1,少女,1.0
散发,1.0,特,1,战狼,1.0
色彩,1.0,亢奋,1,小女生,1.0
这颗,1.0,风格,1,一篇,1.0
黑暗,1.0,加拿大,1,激情,1.0
摸索,1.0,主旋律,1,澎湃,1.0
小小,1.0,献礼片,1,即兴,1.0
承载,1.0,上映,1,小学生,1.0
厚重,1.0,恢复,1,救援队,1.0
能量,1.0,评星,1,梦,1.0
震颤,1.0,蠢到,1,首部,1.0
走得,1.0,情结,1,本土,1.0
预告片,1.0,下要,1,蒙蔽,1.0
低成本,1.0,喷成,1,双眼,1.0
想不到,1.0,狗头,1,高分,1.0
超出,1.0,韩产,1,要说,1.0
热血,1.0,最低,1,电影工业,1.0
奇伟,1.0,囧,1,很长,1.0
瑰丽,1.0,画外音,1,路,1.0
领导,1.0,真不错,1,两句,1.0
概括,1.0,结尾,1,哲学,1.0
烟花爆竹,1.0,越近,1,命题,1.0
救,1.0,越,1,起点,1.0
他者,1.0,纷纷,1,多高,1.0
刻板,1.0,活过来,1,没道理,1.0
印象,1.0,陡峭,1,逗留,1.0
借鉴,1.0,轨道,1,通用,1.0
人类学,1.0,滑行,1,表达,1.0
感兴趣,1.0,终点,1,抒发,1.0
打开,1.0,ps,1,林若宁,1.0
设想,1.0,几十年,1,Eason,1.0
社会秩序,1.0,夹,1,月球,1.0
未臻,1.0,转瞬即逝,1,写道,1.0
圆满,1.0,网络,1,未来,1.0
轻重,1.0,梗,1,观看,1.0
偏颇,1.0,浅薄,1,潜伏,1.0
新起点,1.0,机会,1,万年,1.0
风靡,1.0,青出于蓝,1,野史,1.0
胡乱,1.0,奇葩,1,记载,1.0
高冷,1.0,浪漫,1,不理,1.0
鄙视,1.0,大半,1,它小爱,1.0
链,1.0,乱哄哄,1,大爱,1.0
界,1.0,最初,1,太过,1.0
粉丝,1.0,三分之一,1,渺小,1.0
鼓励性,1.0,黑市,1,这才,1.0
短板,1.0,三秒,1,应有,1.0
换,1.0,两组,1,共识,1.0
俄罗斯,1.0,男女,1,两年,1.0
试试,1.0,互动,1,降临,1.0
滤镜,1.0,浪女,1,谷粒,1.0
土锤,1.0,憨,1,标,1.0
连土锤,1.0,悍,1,模仿,1.0
慢慢来,1.0,女浪,1,痕迹,1.0
态度,1.0,陈旧,1,地心引力,1.0
总有一天,1.0,低能,1,同款,1.0
3.5,1.0,最该,1,画质,1.0
新纪元,1.0,舒张,1,极渣,1.0
无论是,1.0,市区,1,播放,1.0
坐标,1.0,副,1,卡顿,1.0
合力,1.0,蠢,1,配以,1.0
采用,1.0,相,1,乡土气,1.0
创造,1.0,压抑,1,十足,1.0
乡土,1.0,深重,1,地下,1.0
情结,1.0,千年,1,小镇,1.0
了不起,1.0,统治,1,式,1.0
急促,1.0,不寒而栗,1,中段,1.0
扁平化,1.0,女音,1,冗长,1.0
尚未,1.0,成人,1,更是,1.0
开春,1.0,儿童,1,疲惫,1.0
预言,1.0,充公,1,倒,1.0
年底,1.0,充实,1,吹捧,1.0
各家,1.0,精神状态,1,狂潮,1.0
媒体,1.0,令,1,惊到,1.0
盘点,1.0,倒退,1,悲壮,1.0
失重,1.0,回想,1,一丝,1.0
飘零,1.0,国外,1,感全,1.0
泪水,1.0,向往,1,节制,1.0
计入,1.0,一幅,1,空到,1.0
年度,1.0,不想,1,毁,1.0
最美,1.0,挣脱,1,☆,1.0
列,1.0,最多,1,时代特色,1.0
吴京式,1.0,变通,1,发问,1.0
逻辑,1.0,顺民,1,回答,1.0
有缺,1.0,脱轨,1,玄幻,1.0
很烦,1.0,撒娇,1,称得上,1.0
主角,1.0,作,1,过度,1.0
那俩,1.0,一毛钱,1,2D,1.0
熊娃,1.0,关系,1,动作片,1.0
劣根性,1.0,围着,1,剪法,1.0
宏伟,1.0,家长,1,空间结构,1.0
2500,1.0,转,1,比较复杂,1.0
五代,1.0,乖宝宝,1,3D,1.0
之内,1.0,本质区别,1,胡闹,1.0
搞砸,1.0,人生,1,表现,1.0
无望,1.0,理想,1,不清,1.0
就此结束,1.0,彻彻底底,1,轴线,1.0
静静地,1.0,不带,1,纷乱,1.0
终点,1.0,教训,1,运送,1.0
引发,1.0,临死前,1,火石,1.0
不适,1.0,教育,1,吴孟达,1.0
贯穿,1.0,麻木,1,一段,1.0
三点,1.0,不差,1,看清,1.0
部,1.0,爽,1,错误,1.0
献给,1.0,不新,1,插入,1.0
程序员,1.0,生存,1,过紧,1.0
二是,1.0,社会形态,1,特写,1.0
改造,1.0,心理,1,运动,1.0
音乐,1.0,变化,1,方向,1.0
三是,1.0,传统,1,明暗,1.0
新海,1.0,合家欢,1,情况,1.0
诚,1.0,不太会,1,锚定,1.0
差别,1.0,兴奋,1,注意力,1.0
FEST,1.0,视野,1,少量,1.0
间隙,1.0,前端,1,连续,1.0
补上,1.0,难产,1,长镜头,1.0
实话,1.0,质素,1,跨越,1.0
党,1.0,对标,1,数十万,1.0
不太,1.0,去年,1,公里,1.0
算是,1.0,票房,1,建构,1.0
选段,1.0,冠军,1,着实,1.0
做成,1.0,囊中之物,1,费力,1.0
青春片,1.0,认可,1,抽远,1.0
底子,1.0,它望,1,语,1.0
参考,1.0,向太空,1,一成不变,1.0
环太,1.0,眼光,1,延续,1.0
却是,1.0,完成度,1,云淡风轻,1.0
一吹,1.0,第一步,1,青春片,1.0
妥妥,1.0,广大观众,1,无力,1.0
场外,1.0,药神,1,星系,1.0
因素,1.0,热情,1,尺度,1.0
不爽,1.0,大年初一,1,超全知,1.0
外交部,1.0,量身,1,点燃,1.0
宣宣,1.0,定制,1,序幕,1.0
介入,1.0,文献,1,往后,1.0
性质,1.0,综述,1,越来越,1.0
变,1.0,环,1,糙,1.0
回到,1.0,太平洋,1,模式,1.0
倒,1.0,囊括,1,主,1.0
趣事,1.0,日,1,违,1.0
才能救,1.0,罗列,1,心,1.0
组织,1.0,种种,1,观念,1.0
社会形态,1.0,熟稔,1,灌输,1.0
近似,1.0,给出,1,吃不消,1.0
意识形态,1.0,整体,1,举例,1.0
保守,1.0,趋向,1,几场,1.0
点儿,1.0,态势,1,初中生,1.0
年内,1.0,聒噪,1,演讲,1.0
高峰,1.0,来势汹汹,1,实实在在,1.0
前头,1.0,寄予厚望,1,瓦解,1.0
围绕,1.0,组装,1,掉,1.0
一本,1.0,健壮,1,上地,1.0
一段,1.0,婴儿,1,出城,1.0
蛮带,1.0,直观,1,高大,1.0
CG,1.0,第一遍,1,上感,1.0
坐在,1.0,二刷,1,解,1.0
前排,1.0,讨喜,1,现实,1.0
没收,1.0,小孩子,1,耍,1.0
实名,1.0,大局观,1,聪明,1.0
转发,1.0,电车,1,注释,1.0
自信心,1.0,难题,1,第一次,1.0
投资,1.0,轻描淡写,1,见到,1.0
敞开,1.0,困境,1,城市,1.0
铲除,1.0,省略,1,这套,1.0
宝库,1.0,如此一来,1,对不上,1.0
运营,1.0,流水账,1,几十亿,1.0
障碍,1.0,演讲,1,悲剧感,1.0
减轻,1.0,光靠,1,寒冷,1.0
以往,1.0,讲道理,1,说来说去,1.0
民族性,1.0,嘴炮,1,一堆,1.0
国际性,1.0,难,1,数字,1.0
非此即彼,1.0,曹云金,1,记住,1.0
提供,1.0,节节败退,1,洛希,1.0
大部分,1.0,景置,1,极限,1.0
国人,1.0,景感,1,开年,1.0
解决方案,1.0,太重,1,小而精,1.0
上能,1.0,动物,1,流程,1.0
培养,1.0,轮船,1,通篇,1.0
一支,1.0,没差,1,小女孩,1.0
四点,1.0,观念,1,朗诵,1.0
足以,1.0,精细,1,听到,1.0
留史,1.0,外部,1,我爸,1.0
功德无量,1.0,天咒,1,重重的,1.0
办法,1.0,不算,1,啧,1.0
思路,1.0,太好,1,一声,1.0
引导,1.0,联想,1,截然不同,1.0
做好,1.0,煽动,1,两件,1.0
收,1.0,很强,1,暂未,1.0
学会,1.0,死生,1,呈现,1.0
空间,1.0,极致,1,绝大部分,1.0
可怕,1.0,时常,1,二次,1.0
天斗,1.0,依托,1,杭州,1.0
人能,1.0,无视,1,沦陷,1.0
眼前,1.0,法律,1,印尼,1.0
依次,1.0,法纪,1,引力,1.0
浮现,1.0,现代文明,1,加大,1.0
后期,1.0,克服,1,成功,1.0
2000,1.0,写不出,1,插科打诨,1.0
银河,1.0,恢弘,1,个性,1.0
奖,1.0,同步,1,呕吐,1.0
征文,1.0,亚特兰蒂斯,1,那段,1.0
追随,1.0,佐证,1,好不容易,1.0
读者,1.0,队伍,1,走入,1.0
自豪,1.0,找到,1,正轨,1.0
2018,1.0,踏上,1,热血沸腾,1.0
卖,1.0,征途,1,嚎,1.0
白蛇,1.0,交接,1,两下,1.0
顶尖,1.0,一笔,1,放大,1.0
弱项,1.0,一家人,1,回音,1.0
多处,1.0,拖累,1,混响,1.0
卡朋特和库,1.0,风评,1,节奏感,1.0
布里克,1.0,常见,1,贼,1.0
算小京喜,1.0,那套,1,大义,1.0
双线,1.0,模板,1,家人,1.0
并进,1.0,干脆,1,违背,1.0
一分钟,1.0,伎俩,1,规则,1.0
孤胆,1.0,挤出,1,扬,1.0
丧失,1.0,马修,1,我国,1.0
导师,1.0,麦康纳,1,威,1.0
父亲,1.0,相比,1,道德,1.0
成长,1.0,野心,1,前段,1.0
力挽狂澜,1.0,哭,1,嚷,1.0
力量,1.0,放同,1,一部分,1.0
计算,1.0,片堆,1,遗产,1.0
世俗,1.0,级别,1,爷俩,1.0
标配,1.0,差钱,1,咋样,1.0
各类,1.0,人能,1,巨婴,1.0
点常,1.0,话说回来,1,心理,1.0
浇灭,1.0,想必,1,反思,1.0
酝酿,1.0,制作方,1,人工智能,1.0
妹妹,1.0,省钱,1,桥段,1.0
几近,1.0,过往,1,无疾而终,1.0
多余,1.0,集合,1,再申,1.0
电梯,1.0,赶不上,1,暂,1.0
最为,1.0,顶级,1,知晓,1.0
潦草,1.0,近几年,1,抱歉,1.0
配乐,1.0,那批,1,白眼,1.0
表演,1.0,甩,1,翻到,1.0
之外,1.0,远,1,认同,1.0
踩,1.0,分项,1,期待,1.0
点,1.0,无奈,1,早该,1.0
胜过,1.0,打脸,1,实力,1.0
大团圆,1.0,近一半,1,视效,1.0
喜感,1.0,摒除,1,共鸣,1.0
汇聚一堂,1.0,保护主义,1,属,1.0
Hal,1.0,盛行,1,上乘,1.0
银翼,1.0,附加,1,说好,1.0
杀手,1.0,降低标准,1,天使,1.0
颓废,1.0,偏低,1,隋凯,1.0
冰封,1.0,亮眼,1,不合时宜,1.0
长长的,1.0,二十年,1,低廉,1.0
一段路,1.0,完整,1,笑料,1.0
些许,1.0,三幕,1,包括,1.0
曙光,1.0,结构,1,抖音,1.0
8.0,1.0,路数,1,广告,1.0
10,1.0,欠缺,1,植入,1.0
既要,1.0,记住,1,妥协,1.0
俯瞰,1.0,整部,1,媚俗,1.0
浸入,1.0,闷,1,明明,1.0
饕餮,1.0,潦草,1,记得,1.0
早已,1.0,饱满,1,壮阔,1.0
喂饱,1.0,听,1,奇景,1.0
宇宙观,1.0,高仿,1,气象,1.0
符合国情,1.0,货,1,可脑,1.0
一席,1.0,鼓点,1,挥之不去,1.0
之位,1.0,行业,1,腔,1.0
令人叹服,1.0,惯例,1,干涩,1.0
观念,1.0,直,1,仍会,1.0
四海之内皆兄弟,1.0,定义,1,寄予希望,1.0
大局观,1.0,商榷,1,期盼,1.0
兼顾,1.0,房子,1,扛鼎之作,1.0
小家庭,1.0,跑,1,不远处,1.0
幸福,1.0,背后,1,一遍,1.0
开端,1.0,虚无,1,红海,1.0
激发,1.0,可谓,1,平庸,1.0
热情,1.0,寒蝉凄切,1,太空,1.0
带出,1.0,长亭,1,超级,1.0
优质,1.0,晚,1,本片,1.0
现实,1.0,骤雨,1,谈不上,1.0
折射,1.0,初歇,1,经典,1.0
黑色幽默,1.0,解构,1,知名,1.0
硬刚,1.0,权力,1,移植,1.0
坚挺,1.0,冲突,1,钱,1.0
讲,1.0,涉及,1,看不到,1.0
泄气,1.0,突发事件,1,神秘,1.0
目测,1.0,震撼,1,致密,1.0
一大,1.0,浑身,1,吸引力,1.0
波,1.0,舒服,1,感到,1.0
土味,1.0,1.80%,1,激动,1.0
❶,1.0,19.9%,1,颤抖,1.0
真香,1.0,歌剧,1,一名,1.0
❷,1.0,0.1%,1,面前,1.0
携,1.0,执行,1,low,1.0
父母,1.0,打造,1,总体而言,1.0
3D,1.0,预期,1,智慧,1.0
嗷嗷,1.0,好太多,1,审美,1.0
喊,1.0,小毛病,1,高级,1.0
受不了,1.0,大方向,1,十万八千里,1.0
再加,1.0,同声,1,感叹,1.0
事业,1.0,传译,1,牛,1.0
❸,1.0,春季,1,逼,1.0
顶,1.0,推向,1,老雷,1.0
友邻,1.0,饰演,1,跪拜,1.0
间,1.0,每次,1,诺兰,1.0
之大,1.0,总体,1,无可替代,1.0
不韪,1.0,本来,1,网飞,1.0
观后感,1.0,参考,1,网大,1.0
跟风,1.0,语境,1,多且,1.0
不双标,1.0,包装,1,主线,1.0
收钱,1.0,太难,1,规划,1.0
见不得人,1.0,实际操作,1,温情,1.0
❹,1.0,最有,1,悬疑,1.0
战狼度,1.0,参考价值,1,两头落空,1.0
低于,1.0,景观,1,杀死,1.0
很大,1.0,本土化,1,选择,1.0
一截,1.0,香港,1,取舍,1.0
吴京斗,1.0,内地,1,艰难,1.0
AI,1.0,挑剔,1,沉浸,1.0
段落,1.0,太硬,1,悲伤,1.0
照搬,1.0,一只,1,自责,1.0
商榷,1.0,没炖,1,猎奇,1.0
❺,1.0,鸡,1,关注,1.0
朋友,1.0,太累,1,略过,1.0
关在,1.0,消化不良,1,简化,1.0
监狱,1.0,衬托,1,追求,1.0
23333,1.0,说得上,1,爽片,1.0
爆笑,1.0,真挚,1,production,1.0
猪年,1.0,动人,1,quality,1.0
梗,1.0,爱,1,不正,1.0
狼狗,1.0,屈楚,1,传统,1.0
一路,1.0,萧,1,骂,1.0
顶到,1.0,孤胆,1,顶撞,1.0
谢谢,1.0,死马当活马医,1,庸俗,1.0
不像,1.0,推想,1,柔弱,1.0
缺,1.0,不靠,1,无用,1.0
开心,1.0,谱,1,女主,1.0
不想,1.0,方法,1,集体主义,1.0
景象,1.0,早就,1,直,1.0
倒塌,1.0,感冒,1,翻白眼,1.0
纽约,1.0,猫,1,症,1.0
旧金山,1.0,九条,1,要犯,1.0
羡慕,1.0,命,1,浪费,1.0
就值,1.0,N,1,霍金,1.0
大卖,1.0,次,1,牛顿,1.0
赚钱,1.0,神迹,1,老爷子,1.0
庄严肃穆,1.0,哥俩,1,在世,1.0
实打实,1.0,苏联,1,哥哥,1.0
可信,1.0,老大哥,1,气死,1.0
浩大,1.0,提前,1,视觉,1.0
无知,1.0,只能靠,1,放在,1.0
团结,1.0,话,1,国,1.0
合作,1.0,事人,1,高,1.0
无限,1.0,俄国人,1,令人,1.0
真挚,1.0,安慰,1,惊喜,1.0
感情,1.0,俄国,1,由始至终,1.0
动容,1.0,佬,1,处于,1.0
念白,1.0,关键时刻,1,边界,1.0
生硬,1.0,想着,1,好的开始,1.0
饱满,1.0,自杀,1,依然,1.0
终究,1.0,这回,1,素养,1.0
后来者,1.0,剖腹,1,悲悯,1.0
开了个,1.0,枪,1,男主,1.0
夜空,1.0,美国佬,1,姥爷,1.0
最亮,1.0,小队,1,临死,1.0
92,1.0,露,1,一口,1.0
届,1.0,声,1,老东西,1.0
奥斯卡,1.0,平,1,教养,1.0
外语片,1.0,舖,1,黑洞,1.0
内地,1.0,直述,1,美术,1.0
申报,1.0,人物性格,1,一大,1.0
五十六,1.0,女性,1,舍小家,1.0
汇成,1.0,刻板,1,顾,1.0
人会,1.0,印象,1,旋律,1.0
家园,1.0,爱哭,1,跟着,1.0
抛弃,1.0,照顾,1,正,1.0
点映场,1.0,那位,1,给予,1.0
忐忑,1.0,哥哥,1,赋予,1.0
生怕,1.0,地痞,1,少,1.0
糟糕,1.0,气,1,过多,1.0
期望,1.0,误以为,1,缺少,1.0
现场,1.0,个性,1,功能,1.0
完后,1.0,白开水,1,动机,1.0
锦华,1.0,平淡无味,1,铺垫,1.0
名副其实,1.0,深度,1,切太快,1.0
魔改,1.0,放弃,1,细节,1.0
词,1.0,集体,1,缺失,1.0
四平八稳,1.0,集体主义,1,年轻,1.0
虚构,1.0,核心,1,整体,1.0
品质恶劣,1.0,韩,1,程序员,1.0
坏人,1.0,符号,1,放,1.0
求生欲,1.0,引领,1,元素,1.0
多强,1.0,世界性,1,HAL9000,1.0
技术性,1.0,同心,1,莫斯,1.0
轮,1.0,同力,1,陀螺,1.0
启示录,1.0,给予,1,钥匙扣,1.0
死亡,1.0,公私,1,行,1.0
废墟,1.0,权利,1,壳子,1.0
烟波浩渺,1.0,圆满,1,包装,1.0
缔造,1.0,输出,1,汶川,1.0
逃离,1.0,拥抱,1,九八,1.0
太阳系,1.0,一言难尽,1,洪水,1.0
便是,1.0,那份,1,旧,1.0
家国,1.0,文本,1,意义,1.0
正应,1.0,一抹,1,影响,1.0
那句,1.0,辩证,1,浸入,1.0
活着,1.0,之光,1,更何况,1.0
仅仅只是,1.0,无论是,1,刻画,1.0
巨壳,1.0,位于,1,设计,1.0
荡涤,1.0,天平,1,调教,1.0
其间,1.0,两端,1,状态,1.0
气息,1.0,放眼,1,戏份,1.0
已然,1.0,新世纪,1,能入,1.0
级,1.0,华语,1,客串,1.0
脑洞,1.0,创作,1,雷,1.0
精益求精,1.0,珍视,1,佳音,1.0
造就,1.0,忽视,1,惊人,1.0
带感,1.0,多一点,1,科,1.0
演活,1.0,知性,1,幻想,1.0
中二,1.0,权衡,1,早早,1.0
不失,1.0,少一,1,票,1.0
温情,1.0,情,1,棒,1.0
英雄,1.0,为先,1,燃,1.0
期待,1.0,无畏,1,大气磅礴,1.0
能成,1.0,这层,1,少年,1.0
爆款,1.0,包裹,1,男女,1.0
更好,1.0,强国,1,性格,1.0
无疑,1.0,修正,1,矫情,1.0
小兵,1.0,表意,1,脸谱化,1.0
扛,1.0,完美,1,好棒,1.0
大旗,1.0,赘述,1,几季,1.0
主流,1.0,反对,1,长篇,1.0
人设,1.0,一匹,1,讲完,1.0
理念,1.0,披,1,实属,1.0
核心,1.0,外衣,1,不易,1.0
融合,1.0,打着,1,坐,1.0
铺排,1.0,主义,1,上车,1.0
张力,1.0,旗号,1,行车,1.0
渲染,1.0,空有,1,规范,1.0
调度,1.0,生活,1,美妙,1.0
娴熟,1.0,强制,1,之处,1.0
意料之外,1.0,无异于,1,未知,1.0
超赞,1.0,架空,1,室内,1.0
流畅,1.0,成片,1,室外,1.0
攥,1.0,无关,1,布景,1.0
着手,1.0,换,1,CG,1.0
泪目,1.0,模样,1,之间,1.0
BGM,1.0,限时,1,连接,1.0
比肩,1.0,上天,1,突兀,1.0
老生常谈,1.0,差,1,身临其境,1.0
不算,1.0,上海,1,做成,1.0
各个方面,1.0,导航,1,称赞,1.0
双重,1.0,坑,1,无外乎,1.0
肯定,1.0,东方明珠,1,自黑,1.0
肉眼,1.0,好久,1,国人,1.0
假以时日,1.0,环球,1,匮乏,1.0
追上,1.0,金融中心,1,影评,1.0
追求,1.0,一晚,1,不难看出,1.0
共鸣,1.0,drops,1,展望,1.0
努力做到,1.0,of,1,浩瀚,1.0
很俗,1.0,Jupiter,1,网络,1.0
8.8,1.0,俄语,1,流行,1.0
热评,1.0,有加,1,段子,1.0
高分,1.0,带来,1,转折,1.0
非,1.0,加加林,1,迷幻,1.0
水平线上,1.0,火箭,1,主旋律,1.0
武士,1.0,在外,1,好像,1.0
顾及,1.0,懵,1,超纲,1.0
时代,1.0,代表,1,苛责,1.0
时间轴,1.0,越来越,1,春节,1.0
想法,1.0,high,1,气氛,1.0
阻碍,1.0,程度,1,渲染,1.0
难以,1.0,过头,1,该片,1.0
评论,1.0,说到底,1,顺利,1.0
寸步难行,1.0,世界末日,1,摘下,1.0
影响,1.0,表面,1,巨作,1.0
明白,1.0,made,1,标签,1.0
历史,1.0,in,1,仔细,1.0
期间,1.0,china,1,想一想,1.0
烟花,1.0,中国芯,1,战狼站,1.0
爸,1.0,面子,1,呼唤,1.0
爆炸,1.0,搭建,1,两段,1.0
多一星,1.0,唤询,1,这特,1.0
节点,1.0,言,1,剧情片,1.0
同行,1.0,此片,1,吸引,1.0
优秀学生,1.0,时间,1,特质,1.0
之处,1.0,交错,1,冷酷,1.0
先行者,1.0,剪,1,请问,1.0
新生代,1.0,晕,1,配角,1.0
分辨,1.0,故事情节,1,一言不合,1.0
并用,1.0,组,1,疯狂,1.0
十二分,1.0,接到,1,飙戏,1.0
力气,1.0,主题,1,中途,1.0
看重,1.0,学习,1,入场,1.0
一丝,1.0,明明,1,撞见,1.0
往好,1.0,部,1,神探,1.0
执拗,1.0,褪去,1,蒲,1.0
赤诚,1.0,混,1,松林,1.0
称得上,1.0,朴素,1,三体,1.0
负载,1.0,cosmopolitan,1,扑街,1.0
沉重,1.0,深情,1,百度,1.0
烙印,1.0,广播,1,百科,1.0
元气,1.0,动员,1,所说,1.0
淋漓,1.0,神力,1,意,1.0
击节,1.0,用知,1,事物,1.0
那颗,1.0,嘲笑,1,事件,1.0
驱动,1.0,工具,1,时间,1.0
淡蓝色,1.0,智慧,1,推进,1.0
小球,1.0,预测,1,主旨,1.0
茫茫,1.0,粗浅,1,串连,1.0
星辰,1.0,粗糙,1,调用,1.0
大海,1.0,毛边,1,能力,1.0
心脏,1.0,疑问,1,技巧,1.0
狠狠,1.0,迎来,1,配得,1.0
扎,1.0,终结,1,称号,1.0
一针,1.0,入门,1,视觉效果,1.0
强心剂,1.0,n,1,成熟,1.0
走出,1.0,经典电影,1,初生,1.0
恍若隔世,1.0,这类,1,说话,1.0
做梦,1.0,影院,1,走路,1.0
定会,1.0,起立,1,眼中,1.0
写进,1.0,鼓掌,1,扁平,1.0
影史,1.0,事实上,1,驳杂,1.0
幻影,1.0,国人,1,新鲜感,1.0
进程,1.0,历史剧,1,只不过,1.0
杰作,1.0,长期,1,轻薄,1.0
庆幸,1.0,沁润下,1,模糊,1.0
见证者,1.0,建立,1,实质性,1.0
此刻,1.0,天地,1,成长,1.0
手中,1.0,上行,1,镇痛,1.0
张,1.0,紧凑,1,之外,1.0
电影票,1.0,层层,1,磨炼,1.0
入场券,1.0,展开,1,软,1.0
亲历,1.0,穿插,1,拿出,1.0
奇迹,1.0,回忆,1,一副,1.0
勋章,1.0,意料之中,1,腔调,1.0
imax,1.0,坍塌,1,受不了,1.0
电脑,1.0,光环,1,作精,1.0
花,1.0,小孩,1,兄妹,1.0
六块钱,1.0,脑袋,1,扣,1.0
两遍,1.0,逃离,1,两分,1.0
西安,1.0,引力,1,没什么,1.0
零点,1.0,难以,1,意见,1.0
上座率,1.0,说服,1,bug,1.0
极高,1.0,渺小,1,ok,1.0
隔壁,1.0,撼动,1,略晃,1.0
结束,1.0,轨迹,1,3d,1.0
那一刻,1.0,相当于,1,晕,1.0
名字,1.0,蚂蚁,1,感太强,1.0
大叫,1.0,大象,1,减分,1.0
一声,1.0,举起,1,混战,1.0
第三次,1.0,难度,1,风声,1.0
星战,1.0,杯水车薪,1,回来,1.0
延续,1.0,点名,1,打个,1.0
系列,1.0,几处,1,不算,1.0
抵达,1.0,基因,1,每场,1.0
人马座,1.0,遗传,1,看不懂,1.0
阿尔法,1.0,前卫,1,前因后果,1.0
冰,1.0,21,1,演些,1.0
融化,1.0,世纪,1,卡梅隆,1.0
成水,1.0,当代,1,客套,1.0
孩子,1.0,标配,1,夸赞,1.0
畔,1.0,多媒体,1,几句,1.0
钓鱼,1.0,设备,1,机会,1.0
一代人,1.0,每一处,1,拜个,1.0
垂垂老矣,1.0,忘记,1,师,1.0
默默,1.0,优秀,1,煽到,1.0
流泪,1.0,佳作,1,本来,1.0
年轻人,1.0,取胜,1,忽略,1.0
爱上,1.0,尿点,1,有没有,1.0
有人,1.0,表,1,分镜,1.0
较真儿,1.0,啥时候,1,几组,1.0
不过尔尔,1.0,文学,1,干嘛,1.0
尊敬,1.0,打个,1,太大,1.0
两只,1.0,零分,1,切换,1.0
眼睛,1.0,魅力,1,年初一,1.0
关注,1.0,燃点,1,华谊,1.0
眺望,1.0,不燃,1,战狼版,1.0
长路,1.0,泪点,1,白鹤,1.0
总得,1.0,无泪,1,四弟,1.0
看得远,1.0,拼,1,减一星,1.0
愚公移山,1.0,尽全力,1,真实,1.0
坏,1.0,打了个,1,差点,1.0
荒芜,1.0,架构,1,😓,1.0
百废待兴,1.0,奇观,1,京,1.0
决心,1.0,开荒,1,味十足,1.0
赢得,1.0,之作,1,北京,1.0
尊重,1.0,建構,1,对不起,1.0
明天,1.0,看得出,1,任重而道远,1.0
昨天,1.0,卻,1,受过,1.0
那段,1.0,處理,1,训练,1.0
缺乏,1.0,欠佳,1,小屁孩,1.0
谈论,1.0,這麼,1,顶,1.0
200,1.0,群戲,1,光环,1.0
波士顿,1.0,數人,1,叫嚣,1.0
坐满,1.0,casting,1,哥是,1.0
集体,1.0,記,1,天才,1.0
鼓掌,1.0,不住,1,说姐,1.0
巨燃,1.0,年輕,1,上辈子,1.0
全程无,1.0,更是,1,,
尿点,1.0,雪上加霜,1,,
满分,1.0,讓,1,,
豆瓣,1.0,人覺,1,,
灵魂,1.0,面目,1,,
黑夜,1.0,吳孟達,1,,
第三幕,1.0,電梯,1,,
高潮迭起,1.0,那場戲,1,,
层层,1.0,混亂,1,,
堆叠,1.0,這部戲,1,,
美学,1.0,工業,1,,
更扣,1.0,意義,1,,
档期,1.0,鼓勵,1,,
五棵松,1.0,題材,1,,
耀莱,1.0,創作,1,,
影城,1.0,技術,1,,
杜比,1.0,提升,1,,
厅,1.0,技術並,1,,
开创,1.0,敘事,1,,
几年,1.0,基礎,1,,
大作,1.0,對,1,,
深知,1.0,這個,1,,
搬,1.0,好感,1,,
上银幕,1.0,演講,1,,
年轻,1.0,戰狼,1,,
王红卫,1.0,後,1,,
策划,1.0,幾乎,1,,
带领,1.0,殆盡,1,,
干得,1.0,這樣,1,,
漂亮,1.0,普世,1,,
40,1.0,命題,1,,
亿,1.0,面前,1,,
艺术片,1.0,沒,1,,
通俗,1.0,矮化,1,,
不凡,1.0,老外,1,,
艺术,1.0,全世界,1,,
才华,1.0,獨把,1,,
技巧,1.0,中國人,1,,
巨额,1.0,塑造成,1,,
资金投入,1.0,懂得,1,,
高科技,1.0,捨,1,,
更大,1.0,生取,1,,
春节假期,1.0,義的,1,,
电影节,1.0,孤膽,1,,
斩获,1.0,能少,1,,
奖项,1.0,借家國情,1,,
好评,1.0,懷帶,1,,
地久天长,1.0,煽動,1,,
恐龙蛋,1.0,提防,1,,
一秒钟,1.0,民族,1,,
文艺片,1.0,主義的,1,,
冠亚军,1.0,情緒,1,,
外星人,1.0,輸出,1,,
电影学院,1.0,那才,1,,
专业,1.0,自信,1,,
毕业生,1.0,表現,1,,
祝贺,1.0,時中國,1,,
成功,1.0,中國,1,,
母校,1.0,會,1,,
打过,1.0,變得,1,,
接轨,1.0,共勉,1,,
21,1.0,宇航员,1,,
数一数二,1.0,开着,1,,
忽略,1.0,频道,1,,
半程,1.0,阻塞,1,,
炸,1.0,视觉效果,1,,
牌,1.0,突兀,1,,
足,1.0,赌,1,,
戏份,1.0,算不上,1,,
关键点,1.0,肾上腺,1,,
煽,1.0,爆棚,1,,
恰到好处,1.0,半路,1,,
忘掉,1.0,解散,1,,
但绝,1.0,灭亡,1,,
不亚于,1.0,坏事,1,,
高二看,1.0,倒,1,,
脑补,1.0,办法,1,,
放映厅,1.0,抛,1,,
60%,1.0,逃,1,,
单身,1.0,翘课,1,,
宅,1.0,学生,1,,
男,1.0,灵机一动,1,,
半小时,1.0,解决,1,,
整排,1.0,倒像,1,,
它绝,1.0,讽刺,1,,
限于,1.0,用处,1,,
水平,1.0,喊,1,,
逊色,1.0,小农经济,1,,
闪闪发光,1.0,假想敌,1,,
长久,1.0,处,1,,
传扬,1.0,制造,1,,
铭记,1.0,间,1,,
迷们,1.0,区别,1,,
一生,1.0,自有,1,,
大笑,1.0,尊严,1,,
忘却,1.0,各式各样,1,,
满脑子,1.0,手中,1,,
破音,1.0,取回,1,,
费钱,1.0,赞,1,,
投资人,1.0,翻开,1,,
老百姓,1.0,新篇章,1,,
总想,1.0,持,1,,
票,1.0,保留意见,1,,
好几十,1.0,大部分,1,,
饭钱,1.0,立得,1,,
燃到,1.0,动机,1,,
飙泪,1.0,背景,1,,
路,1.0,驱动,1,,
幻,1.0,可言,1,,
电,1.0,非常明显,1,,
中国男足,1.0,作用,1,,
不多,1.0,生死,1,,
远高于,1.0,特意,1,,
单薄,1.0,淡化,1,,
通病,1.0,英雄主义,1,,
平,1.0,金手指,1,,
导致,1.0,WJ,1,,
燃点,1.0,出舱,1,,
没炸响,1.0,崩盘,1,,
给力,1.0,不用,1,,
首部,1.0,共情,1,,
风格,1.0,赞同,1,,
基调,1.0,评论,1,,
大气,1.0,硬要,1,,
美工,1.0,以此,1,,
考究,1.0,开端,1,,
门槛,1.0,符合国情,1,,
拉,1.0,许可,1,,
口碑,1.0,幻想,1,,
双丰收,1.0,大前提,1,,
有感于,1.0,家园,1,,
特打,1.0,家球,1,,
予以,1.0,差强人意,1,,
内部,1.0,调动,1,,
神经,1.0,过誉,1,,
切出来,1.0,捧杀,1,,
三问,1.0,调低,1,,
狗,1.0,是非,1,,
亚裔,1.0,蠢即,1,,
美帝,1.0,坏,1,,
种族歧视,1.0,放开,1,,
天宫,1.0,市场,1,,
发射,1.0,劝,1,,
宇航,1.0,善良,1,,
大国,1.0,能为,1,,
空间站,1.0,流泪,1,,
建立,1.0,刻意,1,,
之初,1.0,用力,1,,
打打气,1.0,过猛,1,,
稍微,1.0,高考,1,,
自恋,1.0,满分,1,,
小女孩,1.0,有没有,1,,
败笔,1.0,赶上,1,,
小演员,1.0,关心,1,,
功底,1.0,意识,1,,
成问题,1.0,差距,1,,
实属,1.0,肉眼,1,,
辽阔,1.0,重写,1,,
感人,1.0,一遍,1,,
幸得,1.0,战狼式,1,,
之福,1.0,扳,1,,
大灾难,1.0,关上门,1,,
情,1.0,也许,1,,
信念,1.0,自我,1,,
永恒,1.0,门,1,,
精髓,1.0,控力,1,,
最有,1.0,杨皓宇,1,,
一步,1.0,拔线,1,,
监制,1.0,抽烟,1,,
试图,1.0,近十年,1,,
假设,1.0,可看,1,,
异常,1.0,毁灭,1,,
环境,1.0,丧货,1,,
做出,1.0,太小,1,,
取舍,1.0,胸怀,1,,
将来,1.0,老生常谈,1,,
大人,1.0,露怯,1,,
小孩,1.0,值得称赞,1,,
单个,1.0,画林,1,,
族群,1.0,家,1,,
情况,1.0,公司,1,,
依赖,1.0,线索,1,,
奉献,1.0,交待,1,,
英雄主义,1.0,tm,1,,
不惜一切,1.0,无厘头,1,,
代价,1.0,讲下去,1,,
神风,1.0,酝酿,1,,
舍弃,1.0,属,1,,
妻子,1.0,最尬,1,,
生存权,1.0,大陆,1,,
遭遇,1.0,差成,1,,
不小,1.0,鲜肉,1,,
代际,1.0,要能,1,,
冲突,1.0,换个,1,,
涉及,1.0,属性,1,,
味儿,1.0,爹,1,,
集体主义,1.0,值,1,,
味道,1.0,含,1,,
社达味,1.0,有库,1,,
百分,1.0,布里克,1,,
五百,1.0,1968,1,,
拍成,1.0,对此,1,,
竞争,1.0,片所持,1,,
史前,1.0,赞语,1,,
十,1.0,应,1,,
充满,1.0,节制,1,,
连接,1.0,感兴趣,1,,
二十分钟,1.0,既定,1,,
总算,1.0,程序,1,,
混,1.0,摆,1,,
出头,1.0,片中,1,,
太牛,1.0,地带,1,,
气势,1.0,理智,1,,
保留,1.0,弹性,1,,
湮灭,1.0,显示,1,,
有过之无不及,1.0,指令,1,,
吴,1.0,个体,1,,
京戏,1.0,父,1,,
份,1.0,法间,1,,
出钱,1.0,和解,1,,
出力,1.0,妥协,1,,
大功,1.0,真诚,1,,
同传机,1.0,储备,1,,
笑,1.0,像样,1,,
出声,1.0,产能,1,,
2019.01,1.0,编,1,,
20,1.0,及格线,1,,
No.9,1.0,浮动,1,,
CBD,1.0,长路,1,,
万达,1.0,漫漫,1,,
平复,1.0,文类,1,,
心情,1.0,超拔,1,,
整理,1.0,日常,1,,
太多太多,1.0,视域,1,,
迟,1.0,近乎,1,,
粉,1.0,冷酷,1,,
刘粉,1.0,宇宙观,1,,
卧槽,1.0,箍,1,,
我特,1.0,住,1,,
胸脯,1.0,泄气,1,,
摸,1.0,想想,1,,
良心,1.0,丧失,1,,
亲朋好友,1.0,同类,1,,
太特,1.0,蜗居,1,,
第一炮,1.0,飘荡,1,,
打响,1.0,穿,1,,
参与,1.0,丑,1,,
全体人员,1.0,校服,1,,
不复,1.0,麻将,1,,
徒劳,1.0,疲,1,,
愚蠢,1.0,问,1,,
熠熠,1.0,活着,1,,
生光,1.0,主演,1,,
可太难,1.0,情商,1,,
太棒了,1.0,低,1,,
可能性,1.0,噢,1,,
开场,1.0,C,1,,
看着,1.0,补标,1,,
饱和,1.0,祖国,1,,
合情合理,1.0,走,1,,
楼上,1.0,道路,1,,
那位,1.0,编剧,1,,
煽动,1.0,视听,1,,
妄想,1.0,等同,1,,
本来,1.0,网大,1,,
大禹治水,1.0,浓烈,1,,
精卫填海,1.0,美术,1,,
后羿,1.0,灯光,1,,
射日,1.0,音效,1,,
拍个,1.0,冲击波,1,,
传统,1.0,惊天大,1,,
毁,1.0,掉,1,,
缺少,1.0,地上,1,,
踏踏实实,1.0,撞击,1,,
资金,1.0,轻柔,1,,
懂,1.0,万金油,1,,
收回,1.0,理由,1,,
万岁,1.0,有钱,1,,
话筒,1.0,拍法,1,,
交给,1.0,简陋,1,,
京,1.0,见证,1,,
学家,1.0,感到,1,,
黑前,1.0,失落,1,,
黑,1.0,逼话,1,,
安排,1.0,一度,1,,
不逊,1.0,他俩,1,,
原汁原味,1.0,弄,1,,
重工业,1.0,肤浅,1,,
冷硬,1.0,京王,1,,
风大,1.0,厉害,1,,
路数,1.0,比战,1,,
,,狼里,1,,
,,空洞,1,,
,,打动,1,,
,,悲壮,1,,
,,想吐槽,1,,
,,档里,1,,
,,正面,1,,
,,没想到,1,,
,,爆炸,1,,
,,中正,1,,
,,平和,1,,
,,好评,1,,
,,错,1,,
,,好好,1,,
,,闹,1,,
,,科,1,,
,,不科,1,,
,,夸,1,,
,,字幕,1,,
,,Weta,1,,
,,工作人员,1,,
,,名单,1,,
,,仔细,1,,
,,思考,1,,
,,洪荒,1,,
,,求求,1,,
,,苍穹,1,,
,,强上,1,,
,,二百五十,1,,
,,倍,1,,
,,那节,1,,
,,语文课,1,,
,,吐,1,,
,,你京,1,,
,,里头,1,,
,,最烂,1,,
,,恶臭,1,,
,,无非,1,,
,,只不过,1,,
,,反一,1,,
,,翻译,1,,
,,了不起,1,,
,,从来不,1,,
,,CG,1,,
,,动画,1,,
,,看得爽,1,,
,,等于,1,,
,,美,1,,
,,便宜,1,,
,,咯,1,,
,,平均,1,,
,,二点,1,,
,,二五,1,,
,,拆,1,,
,,腻子,1,,
,,原则,1,,
,,外加,1,,
,,球,1,,
,,卫兵,1,,
,,羞辱,1,,
,,骚扰,1,,
,,勉强,1,,
,,三分,1,,
,,横向,1,,
,,心目,1,,
,,中战,1,,
,,狼,1,,
,,负分,1,,
,,滚,1,,
,,鬼,1,,
,,做事,1,,
,,合乎逻辑,1,,
,,一个个,1,,
,,学,1,,
,,画虎不成反类犬,1,,
,,产物,1,,
,,里尬,1,,
,,一点儿,1,,
,,不好,1,,
,,丢掉,1,,
,,面临,1,,
,,严肃,1,,
,,庄重,1,,
,,幽默感,1,,
,,顺眼,1,,
,,站不住脚,1,,
,,其他人,1,,
,,歇斯底里,1,,
,,油腔滑调,1,,
,,恨不能,1,,
,,进,1,,
,,银幕,1,,
,,一巴掌,1,,
,,抽死,1,,
,,长着,1,,
,,一张,1,,
,,欠揍,1,,
,,自封,1,,
,,天才,1,,
,,忍受,1,,
,,新闻联播,1,,
,,煽动性,1,,
,,标语,1,,
,,这特,1,,
,,拍出,1,,
,,逊色,1,,
,,停留,1,,
,,狗血,1,,
,,伦理,1,,
,,剧,1,,
,,革命,1,,
,,英模,1,,
,,样板戏,1,,
,,陈腐,1,,
,,阶段,1,,
,,他妹,1,,
,,颤抖,1,,
,,朗诵,1,,
,,一篇,1,,
,,女,1,,
,,忍住,1,,
,,场,1,,
,,刹车,1,,
,,逃逸,1,,
,,系列,1,,
,,分泌,1,,
,,泪珠,1,,
,,扣,1,,
,,两颗,1,,
